{
  "2019 LA dev": {
    "n": 24844,
    "n_bonafide": 2548,
    "n_spoof": 22296,
    "auc": 0.9996925728559205,
    "eer": 0.007580010972675884,
    "at_eer_threshold": {
      "threshold": 0.5819811820983887,
      "tn": 2528,
      "fp": 20,
      "fn": 163,
      "tp": 22133,
      "accuracy": 0.9926340363870553,
      "fpr": 0.007849293563579277,
      "fnr": 0.007310728381772515
    },
    "at_default_0.5": {
      "threshold": 0.5,
      "tn": 2526,
      "fp": 22,
      "fn": 133,
      "tp": 22163,
      "accuracy": 0.993761069071003,
      "fpr": 0.008634222919937205,
      "fnr": 0.005965195550771438
    }
  },
  "2019 LA eval": {
    "n": 71237,
    "n_bonafide": 7355,
    "n_spoof": 63882,
    "auc": 0.9980510367400499,
    "eer": 0.01668951321725469,
    "at_eer_threshold": {
      "threshold": 0.1005785167217254,
      "tn": 7232,
      "fp": 123,
      "fn": 1064,
      "tp": 62818,
      "accuracy": 0.9833373106672094,
      "fpr": 0.016723317471108088,
      "fnr": 0.01665570896340127
    },
    "at_default_0.5": {
      "threshold": 0.5,
      "tn": 7296,
      "fp": 59,
      "fn": 2951,
      "tp": 60931,
      "accuracy": 0.9577466765866053,
      "fpr": 0.008021753908905506,
      "fnr": 0.046194546194546195
    }
  },
  "2021 LA eval": {
    "n": 148176,
    "n_bonafide": 14816,
    "n_spoof": 133360,
    "auc": 0.9879527814233318,
    "eer": 0.04669596318317328,
    "at_eer_threshold": {
      "threshold": 0.8075105547904968,
      "tn": 14124,
      "fp": 692,
      "fn": 6226,
      "tp": 127134,
      "accuracy": 0.9533122772918692,
      "fpr": 0.046706263498920084,
      "fnr": 0.046685662867426515
    },
    "at_default_0.5": {
      "threshold": 0.5,
      "tn": 13790,
      "fp": 1026,
      "fn": 3182,
      "tp": 130178,
      "accuracy": 0.9716013389482777,
      "fpr": 0.06924946004319654,
      "fnr": 0.02386022795440912
    }
  },
  "2021 DF eval": {
    "n": 533928,
    "n_bonafide": 14869,
    "n_spoof": 519059,
    "auc": 0.9226529877682911,
    "eer": 0.17006010432047108,
    "at_eer_threshold": {
      "threshold": 0.8425137996673584,
      "tn": 12341,
      "fp": 2528,
      "fn": 88293,
      "tp": 430766,
      "accuracy": 0.8299002861809083,
      "fpr": 0.17001815858497546,
      "fnr": 0.17010205005596665
    },
    "at_default_0.5": {
      "threshold": 0.5,
      "tn": 11102,
      "fp": 3767,
      "fn": 56530,
      "tp": 462529,
      "accuracy": 0.887069043017036,
      "fpr": 0.25334588741677316,
      "fnr": 0.10890862117793931
    }
  }
}