{
  "checkpoint": "/scratch/mhq8ka/aasist/outputs/runs/aasist_v3_codecreal_16462819/best.pt",
  "checkpoint_epoch": 19,
  "metadata": "/scratch/mhq8ka/aasist/data/2021/keys/LA/CM/trial_metadata.txt",
  "n_attempted": 148176,
  "n_decoded": 148176,
  "n_skipped": 0,
  "label_distribution": {
    "spoof": 133360,
    "bonafide": 14816
  },
  "codec_distribution": {
    "alaw": 19436,
    "ulaw": 23520,
    "gsm": 23520,
    "pstn": 19384,
    "g722": 19375,
    "opus": 23520,
    "none": 19421
  },
  "attack_distribution": {
    "A07": 10238,
    "A08": 10368,
    "A09": 10152,
    "A10": 10318,
    "A11": 10276,
    "A12": 10259,
    "A13": 10302,
    "A14": 10234,
    "A15": 10235,
    "A16": 10390,
    "A17": 10239,
    "A18": 10148,
    "A19": 10201
  },
  "overall": {
    "accuracy": 0.9716013389482777,
    "fpr": 0.06924946004319654,
    "fnr": 0.02386022795440912,
    "eer": 0.0467072109336232,
    "threshold": 0.5,
    "tn": 13790,
    "fp": 1026,
    "fn": 3182,
    "tp": 130178,
    "num_samples": 148176,
    "roc_auc": 0.987952781423332
  },
  "per_codec": {
    "alaw": {
      "eer": 0.04488370886930236,
      "n_spoof": 17512
    },
    "ulaw": {
      "eer": 0.04421750375449081,
      "n_spoof": 21164
    },
    "gsm": {
      "eer": 0.02423491789717489,
      "n_spoof": 21164
    },
    "pstn": {
      "eer": 0.024919794935263362,
      "n_spoof": 17446
    },
    "g722": {
      "eer": 0.05596137252820668,
      "n_spoof": 17438
    },
    "opus": {
      "eer": 0.05283691248189087,
      "n_spoof": 21164
    },
    "none": {
      "eer": 0.0582562460937191,
      "n_spoof": 17472
    }
  },
  "per_attack": {
    "A07": {
      "eer": 0.03635740567791106,
      "n_spoof": 10238
    },
    "A08": {
      "eer": 0.026442676252566487,
      "n_spoof": 10368
    },
    "A09": {
      "eer": 0.0068898211547331716,
      "n_spoof": 10152
    },
    "A10": {
      "eer": 0.052916499380185264,
      "n_spoof": 10318
    },
    "A11": {
      "eer": 0.02542222614794941,
      "n_spoof": 10276
    },
    "A12": {
      "eer": 0.05606818037557289,
      "n_spoof": 10259
    },
    "A13": {
      "eer": 0.013892343766837626,
      "n_spoof": 10302
    },
    "A14": {
      "eer": 0.015530102618173183,
      "n_spoof": 10234
    },
    "A15": {
      "eer": 0.04327344591621726,
      "n_spoof": 10235
    },
    "A16": {
      "eer": 0.04300809857251843,
      "n_spoof": 10390
    },
    "A17": {
      "eer": 0.06553550027454001,
      "n_spoof": 10239
    },
    "A18": {
      "eer": 0.10210420602299786,
      "n_spoof": 10148
    },
    "A19": {
      "eer": 0.019224881845742916,
      "n_spoof": 10201
    }
  }
}