{
  "checkpoint": "/scratch/mhq8ka/aasist/outputs/runs/aasist_v3_codecreal_16462819/best.pt",
  "checkpoint_epoch": 19,
  "protocol": "/scratch/mhq8ka/aasist/data/LA/ASVspoof2019_LA_cm_protocols/ASVspoof2019.LA.cm.eval.trl.txt",
  "n_utterances": 71237,
  "label_distribution": {
    "spoof": 63882,
    "bonafide": 7355
  },
  "attack_distribution": {
    "A11": 4914,
    "A14": 4914,
    "A16": 4914,
    "A09": 4914,
    "A13": 4914,
    "A12": 4914,
    "A18": 4914,
    "A15": 4914,
    "A08": 4914,
    "A17": 4914,
    "A10": 4914,
    "A07": 4914,
    "A19": 4914
  },
  "overall": {
    "accuracy": 0.9577466765866053,
    "fpr": 0.008021753908905506,
    "fnr": 0.046194546194546195,
    "eer": 0.01668951321725469,
    "threshold": 0.5,
    "tn": 7296,
    "fp": 59,
    "fn": 2951,
    "tp": 60931,
    "num_samples": 71237,
    "roc_auc": 0.9980510367400499
  },
  "per_attack": {
    "A11": {
      "eer": 0.005534472325770753,
      "n_spoof": 4914
    },
    "A14": {
      "eer": 0.0020372154974466474,
      "n_spoof": 4914
    },
    "A16": {
      "eer": 0.015652568847674228,
      "n_spoof": 4914
    },
    "A09": {
      "eer": 0.000577174166569135,
      "n_spoof": 4914
    },
    "A13": {
      "eer": 0.0026143896640157824,
      "n_spoof": 4914
    },
    "A12": {
      "eer": 0.014837682648695557,
      "n_spoof": 4914
    },
    "A18": {
      "eer": 0.04132148411550181,
      "n_spoof": 4914
    },
    "A15": {
      "eer": 0.01140840678570116,
      "n_spoof": 4914
    },
    "A08": {
      "eer": 0.007503706857887692,
      "n_spoof": 4914
    },
    "A17": {
      "eer": 0.023631699770380935,
      "n_spoof": 4914
    },
    "A10": {
      "eer": 0.01466795158161573,
      "n_spoof": 4914
    },
    "A07": {
      "eer": 0.009201460221174684,
      "n_spoof": 4914
    },
    "A19": {
      "eer": 0.007333975790807865,
      "n_spoof": 4914
    }
  }
}