{
  "checkpoint": "/scratch/mhq8ka/aasist/outputs/runs/aasist_v3_codecreal_16462819/best.pt",
  "checkpoint_epoch": 19,
  "protocol": "/scratch/mhq8ka/aasist/data/LA/ASVspoof2019_LA_cm_protocols/ASVspoof2019.LA.cm.dev.trl.txt",
  "n_utterances": 24844,
  "label_distribution": {
    "bonafide": 2548,
    "spoof": 22296
  },
  "attack_distribution": {
    "A01": 3716,
    "A02": 3716,
    "A03": 3716,
    "A04": 3716,
    "A05": 3716,
    "A06": 3716
  },
  "overall": {
    "accuracy": 0.993761069071003,
    "fpr": 0.008634222919937205,
    "fnr": 0.005965195550771438,
    "eer": 0.007849117538876101,
    "threshold": 0.5,
    "tn": 2526,
    "fp": 22,
    "fn": 133,
    "tp": 22163,
    "num_samples": 24844,
    "roc_auc": 0.9996925728559207
  },
  "per_attack": {
    "A01": {
      "eer": 0.0020575879602482768,
      "n_spoof": 3716
    },
    "A02": {
      "eer": 0.0,
      "n_spoof": 3716
    },
    "A03": {
      "eer": 0.0011269101496688794,
      "n_spoof": 3716
    },
    "A04": {
      "eer": 0.013730349306237368,
      "n_spoof": 3716
    },
    "A05": {
      "eer": 0.003184498109917156,
      "n_spoof": 3716
    },
    "A06": {
      "eer": 0.009418941046651332,
      "n_spoof": 3716
    }
  }
}